{
  "MAE": 0.019043203068376778,
  "RMSE": 0.02735341159514371,
  "MAPE": 373.8225823863988,
  "DirectionalAccuracy": 0.5201072386058981
}