{
  "MAE": 0.030946319014626748,
  "RMSE": 0.04298342489080626,
  "MAPE": 6019.255213949221,
  "DirectionalAccuracy": 0.5281501340482574
}