{
  "MAE": 0.035585388109661824,
  "RMSE": 0.04646455099119613,
  "MAPE": 283.6901021569624,
  "DirectionalAccuracy": 0.46153846153846156
}